"Comas";"Ile";"TrancheAge";"Sexe";"StatutMarital";"StatutOccupation";"StatutMaritalFreq";"AgeMin";"AgeMax";"Alcool";"Tabac"
"Afaahiti";"Tahiti";"0 - 13 ans";"Femme";"Non concerne";"Propriétaire du sol et du logement";0,500739644970414;0;13;162855,191117979;98468,2847709469
"Afaahiti";"Tahiti";"0 - 13 ans";"Homme";"Non concerne";"Propriétaire du sol et du logement";0,499260355029586;0;13;162855,191117979;98468,2847709469
"Afaahiti";"Tahiti";"14 - 19 ans";"Femme";"Celibataire";"Propriétaire du sol et du logement";0,471153846153846;14;19;162855,191117979;98468,2847709469
"Afaahiti";"Tahiti";"14 - 19 ans";"Homme";"Celibataire";"Propriétaire du sol et du logement";0,528846153846154;14;19;162855,191117979;98468,2847709469
"Afaahiti";"Tahiti";"20 - 29 ans";"Femme";"Celibataire";"Propriétaire du sol et du logement";0,507584597432906;20;29;162855,191117979;98468,2847709469
"Afaahiti";"Tahiti";"20 - 29 ans";"Homme";"Celibataire";"Propriétaire du sol et du logement";0,492415402567095;20;29;162855,191117979;98468,2847709469
"Afaahiti";"Tahiti";"30 - 39 ans";"Femme";"Celibataire";"Propriétaire du sol et du logement";0,525510204081633;30;39;211988,535588645;60654,7456483615
"Afaahiti";"Tahiti";"30 - 39 ans";"Homme";"Celibataire";"Propriétaire du sol et du logement";0,474489795918367;30;39;139114,997572924;56590,7585161708
"Afaahiti";"Tahiti";"40 - 49 ans";"Femme";"Marie";"Propriétaire du sol et du logement";0,484118291347207;40;49;202710,022409882;299787,026796899
"Afaahiti";"Tahiti";"40 - 49 ans";"Homme";"Marie";"Propriétaire du sol et du logement";0,515881708652793;40;49;64683,1667416826;48210,8167366461
"Afaahiti";"Tahiti";"50 - 59 ans";"Femme";"Marie";"Propriétaire du sol et du logement";0,48314606741573;50;59;141684,103628369;95866,249663236
"Afaahiti";"Tahiti";"50 - 59 ans";"Homme";"Marie";"Propriétaire du sol et du logement";0,51685393258427;50;59;72475,590897939;103030,108288517
"Afaahiti";"Tahiti";"60 ans +";"Femme";"Marie";"Propriétaire du sol et du logement";0,476422764227642;60;150;91509,2127784621;78589,3520310278
"Afaahiti";"Tahiti";"60 ans +";"Homme";"Marie";"Propriétaire du sol et du logement";0,523577235772358;60;150;107986,118430777;56066,4737908099
"Afaahiti";"Tahiti";;"Femme";"Marie";"Propriétaire du sol et du logement";1;;150;162855,191117979;98468,2847709469
"Arue";"Tahiti";"0 - 13 ans";"Femme";"Non concerne";"Propriétaire du sol et du logement";0,509081983308787;0;13;162855,191117979;98468,2847709469
"Arue";"Tahiti";"0 - 13 ans";"Homme";"Non concerne";"Propriétaire du sol et du logement";0,490918016691213;0;13;162855,191117979;98468,2847709469
"Arue";"Tahiti";"14 - 19 ans";"Femme";"Celibataire";"Propriétaire du sol et du logement";0,489479512735327;14;19;162855,191117979;98468,2847709469
"Arue";"Tahiti";"14 - 19 ans";"Homme";"Celibataire";"Propriétaire du sol et du logement";0,510520487264673;14;19;162855,191117979;98468,2847709469
"Arue";"Tahiti";"20 - 29 ans";"Femme";"Celibataire";"Propriétaire du sol et du logement";0,479949077021006;20;29;162855,191117979;98468,2847709469
"Arue";"Tahiti";"20 - 29 ans";"Homme";"Celibataire";"Propriétaire du sol et du logement";0,520050922978994;20;29;304556,999031337;249958,755163607
"Arue";"Tahiti";"30 - 39 ans";"Femme";"Celibataire";"Propriétaire du sol et du logement";0,531645569620253;30;39;187035,895763664;196572,502517553
"Arue";"Tahiti";"30 - 39 ans";"Homme";"Celibataire";"Propriétaire du sol et du logement";0,468354430379747;30;39;98177,9830626657;40885,7314544631
"Arue";"Tahiti";"40 - 49 ans";"Femme";"Marie";"Propriétaire du sol et du logement";0,495862068965517;40;49;112284,441907446;51538,7217709646
"Arue";"Tahiti";"40 - 49 ans";"Homme";"Marie";"Propriétaire du sol et du logement";0,504137931034483;40;49;81365,4791950369;206028,828519953
"Arue";"Tahiti";"50 - 59 ans";"Femme";"Marie";"Propriétaire du sol et du logement";0,478300180831826;50;59;183868,020131429;216189,315217203
"Arue";"Tahiti";"50 - 59 ans";"Homme";"Marie";"Propriétaire du sol et du logement";0,521699819168174;50;59;86928,0542257477;45178,738464713
"Arue";"Tahiti";"60 ans +";"Femme";"Marie";"Propriétaire du sol et du logement";0,533014354066986;60;150;506079,441431264;107134,791440733
"Arue";"Tahiti";"60 ans +";"Homme";"Marie";"Propriétaire du sol et du logement";0,466985645933014;60;150;79151,3770849973;301217,79613927
"Arue";"Tahiti";;"Homme";"Marie";"Propriétaire du sol et du logement";1;;150;162855,191117979;98468,2847709469
"Faaa";"Tahiti";"0 - 13 ans";"Femme";"Non concerne";"Propriétaire du sol et du logement";0,488658554904612;0;13;162855,191117979;98468,2847709469
"Faaa";"Tahiti";"0 - 13 ans";"Homme";"Non concerne";"Propriétaire du sol et du logement";0,511341445095388;0;13;162855,191117979;98468,2847709469
"Faaa";"Tahiti";"14 - 19 ans";"Femme";"Celibataire";"Propriétaire du sol et du logement";0,501004016064257;14;19;162855,191117979;98468,2847709469
"Faaa";"Tahiti";"14 - 19 ans";"Homme";"Celibataire";"Propriétaire du sol et du logement";0,498995983935743;14;19;162855,191117979;98468,2847709469
"Faaa";"Tahiti";"20 - 29 ans";"Femme";"Celibataire";"Propriétaire du sol et du logement";0,495937961595273;20;29;293258,875444732;287572,279967887
"Faaa";"Tahiti";"20 - 29 ans";"Homme";"Celibataire";"Propriétaire du sol et du logement";0,504062038404727;20;29;278825,379842844;98468,2847709469
"Faaa";"Tahiti";"30 - 39 ans";"Femme";"Celibataire";"Propriétaire du sol et du logement";0,482960711960061;30;39;402015,392873384;238833,660792659
"Faaa";"Tahiti";"30 - 39 ans";"Homme";"Celibataire";"Propriétaire du sol et du logement";0,517039288039939;30;39;82526,7129752756;43241,0350398815
"Faaa";"Tahiti";"40 - 49 ans";"Femme";"Marie";"Propriétaire du sol et du logement";0,482814302191465;40;49;156684,655825207;120362,19684973
"Faaa";"Tahiti";"40 - 49 ans";"Homme";"Celibataire";"Propriétaire du sol et du logement";0,517185697808535;40;49;53685,8843431098;34920,4607217063
"Faaa";"Tahiti";"50 - 59 ans";"Femme";"Marie";"Propriétaire du sol et du logement";0,475481907338519;50;59;241605,19499026;208771,524019554
"Faaa";"Tahiti";"50 - 59 ans";"Homme";"Marie";"Propriétaire du sol et du logement";0,524518092661481;50;59;56395,1712219455;35170,6674783592
"Faaa";"Tahiti";"60 ans +";"Femme";"Marie";"Propriétaire du sol et du logement";0,512168543407192;60;150;311543,281293847;142699,091773392
"Faaa";"Tahiti";"60 ans +";"Homme";"Marie";"Propriétaire du sol et du logement";0,487831456592808;60;150;56252,6295817097;58953,3798519341
"Faaa";"Tahiti";;"Femme";"Veuf,veuve";"Propriétaire du logement et terrain pris en location";0,666666666666667;;150;162855,191117979;98468,2847709469
"Faaa";"Tahiti";;"Homme";"Marie";"Propriétaire du logement et terrain pris en location";0,333333333333333;;150;162855,191117979;98468,2847709469
"Faaone";"Tahiti";"0 - 13 ans";"Femme";"Non concerne";"Propriétaire du sol et du logement";0,416470588235294;0;13;162855,191117979;98468,2847709469
"Faaone";"Tahiti";"0 - 13 ans";"Homme";"Non concerne";"Propriétaire du sol et du logement";0,583529411764706;0;13;162855,191117979;98468,2847709469
"Faaone";"Tahiti";"14 - 19 ans";"Femme";"Celibataire";"Propriétaire du sol et du logement";0,444933920704846;14;19;162855,191117979;98468,2847709469
"Faaone";"Tahiti";"14 - 19 ans";"Homme";"Celibataire";"Propriétaire du sol et du logement";0,555066079295154;14;19;162855,191117979;98468,2847709469
"Faaone";"Tahiti";"20 - 29 ans";"Femme";"Celibataire";"Propriétaire du sol et du logement";0,5;20;29;162855,191117979;64077,3640394691
"Faaone";"Tahiti";"20 - 29 ans";"Homme";"Celibataire";"Propriétaire du sol et du logement";0,5;20;29;162855,191117979;71981,0663805437
"Faaone";"Tahiti";"30 - 39 ans";"Femme";"Celibataire";"Propriétaire du sol et du logement";0,521400778210117;30;39;162855,191117979;65948,6294476643
"Faaone";"Tahiti";"30 - 39 ans";"Homme";"Celibataire";"Propriétaire du sol et du logement";0,478599221789883;30;39;63058,8950178644;65948,6294476643
"Faaone";"Tahiti";"40 - 49 ans";"Femme";"Marie";"Propriétaire du sol et du logement";0,448071216617211;40;49;162855,191117979;98468,2847709469
"Faaone";"Tahiti";"40 - 49 ans";"Homme";"Celibataire";"Propriétaire du sol et du logement";0,551928783382789;40;49;162855,191117979;74146,3794692381
"Faaone";"Tahiti";"50 - 59 ans";"Femme";"Marie";"Propriétaire du sol et du logement";0,447257383966245;50;59;162855,191117979;98468,2847709469
"Faaone";"Tahiti";"50 - 59 ans";"Homme";"Marie";"Propriétaire du sol et du logement";0,552742616033755;50;59;67417,1183246307;25283,9616232763
"Faaone";"Tahiti";"60 ans +";"Femme";"Marie";"Propriétaire du sol et du logement";0,483333333333333;60;150;162855,191117979;34683,2251572726
"Faaone";"Tahiti";"60 ans +";"Homme";"Marie";"Propriétaire du sol et du logement";0,516666666666667;60;150;70291,1448224953;98468,2847709469
"Faaone";"Tahiti";;"Homme";"Veuf,veuve";"Propriétaire du sol et du logement";1;;150;162855,191117979;98468,2847709469
"Hitiaa";"Tahiti";"0 - 13 ans";"Femme";"Non concerne";"Propriétaire du sol et du logement";0,492170022371365;0;13;162855,191117979;98468,2847709469
"Hitiaa";"Tahiti";"0 - 13 ans";"Homme";"Non concerne";"Propriétaire du sol et du logement";0,507829977628635;0;13;162855,191117979;98468,2847709469
"Hitiaa";"Tahiti";"14 - 19 ans";"Femme";"Celibataire";"Propriétaire du sol et du logement";0,445414847161572;14;19;162855,191117979;98468,2847709469
"Hitiaa";"Tahiti";"14 - 19 ans";"Homme";"Celibataire";"Propriétaire du sol et du logement";0,554585152838428;14;19;162855,191117979;98468,2847709469
"Hitiaa";"Tahiti";"20 - 29 ans";"Femme";"Celibataire";"Propriétaire du sol et du logement";0,485148514851485;20;29;162855,191117979;98468,2847709469
"Hitiaa";"Tahiti";"20 - 29 ans";"Homme";"Celibataire";"Propriétaire du sol et du logement";0,514851485148515;20;29;70161,7606015585;98468,2847709469
"Hitiaa";"Tahiti";"30 - 39 ans";"Femme";"Celibataire";"Propriétaire du sol et du logement";0,477966101694915;30;39;162855,191117979;98468,2847709469
"Hitiaa";"Tahiti";"30 - 39 ans";"Homme";"Celibataire";"Propriétaire du sol et du logement";0,522033898305085;30;39;72699,1889865636;30763,6087350473
"Hitiaa";"Tahiti";"40 - 49 ans";"Femme";"Marie";"Propriétaire du sol et du logement";0,511538461538461;40;49;162855,191117979;62521,1753111552
"Hitiaa";"Tahiti";"40 - 49 ans";"Homme";"Marie";"Propriétaire du sol et du logement";0,488461538461538;40;49;162855,191117979;98468,2847709469
"Hitiaa";"Tahiti";"50 - 59 ans";"Femme";"Marie";"Propriétaire du sol et du logement";0,426966292134831;50;59;162855,191117979;98468,2847709469
"Hitiaa";"Tahiti";"50 - 59 ans";"Homme";"Marie";"Propriétaire du sol et du logement";0,573033707865168;50;59;70551,0452087671;98468,2847709469
"Hitiaa";"Tahiti";"60 ans +";"Femme";"Marie";"Propriétaire du sol et du logement";0,560846560846561;60;150;70545,638615977;58210,1707743499
"Hitiaa";"Tahiti";"60 ans +";"Homme";"Marie";"Propriétaire du sol et du logement";0,439153439153439;60;150;20862,2637772795;25475,2280591179
"Hitiaa";"Tahiti";;"Femme";"Marie";"Propriétaire du sol et du logement";1;;150;162855,191117979;98468,2847709469
"Mahaena";"Tahiti";"0 - 13 ans";"Femme";"Non concerne";"Propriétaire du sol et du logement";0,503623188405797;0;13;162855,191117979;98468,2847709469
"Mahaena";"Tahiti";"0 - 13 ans";"Homme";"Non concerne";"Propriétaire du sol et du logement";0,496376811594203;0;13;162855,191117979;98468,2847709469
"Mahaena";"Tahiti";"14 - 19 ans";"Femme";"Celibataire";"Propriétaire du sol et du logement";0,406015037593985;14;19;162855,191117979;98468,2847709469
"Mahaena";"Tahiti";"14 - 19 ans";"Homme";"Celibataire";"Propriétaire du sol et du logement";0,593984962406015;14;19;162855,191117979;98468,2847709469
"Mahaena";"Tahiti";"20 - 29 ans";"Femme";"Celibataire";"Propriétaire du sol et du logement";0,488888888888889;20;29;162855,191117979;98468,2847709469
"Mahaena";"Tahiti";"20 - 29 ans";"Homme";"Celibataire";"Propriétaire du sol et du logement";0,511111111111111;20;29;162855,191117979;98468,2847709469
"Mahaena";"Tahiti";"30 - 39 ans";"Femme";"Celibataire";"Propriétaire du sol et du logement";0,474576271186441;30;39;7267,39370210535;18313,8369604687
"Mahaena";"Tahiti";"30 - 39 ans";"Homme";"Celibataire";"Propriétaire du sol et du logement";0,525423728813559;30;39;162855,191117979;98468,2847709469
"Mahaena";"Tahiti";"40 - 49 ans";"Femme";"Marie";"Propriétaire du sol et du logement";0,474358974358974;40;49;162855,191117979;19124,8182650499
"Mahaena";"Tahiti";"40 - 49 ans";"Homme";"Marie";"Propriétaire du sol et du logement";0,525641025641026;40;49;7240,24862001353;18245,431335552
"Mahaena";"Tahiti";"50 - 59 ans";"Femme";"Marie";"Propriétaire du sol et du logement";0,42;50;59;162855,191117979;98468,2847709469
"Mahaena";"Tahiti";"50 - 59 ans";"Homme";"Marie";"Propriétaire du sol et du logement";0,58;50;59;162855,191117979;98468,2847709469
"Mahaena";"Tahiti";"60 ans +";"Femme";"Veuf,veuve";"Propriétaire du sol et du logement";0,541176470588235;60;150;162855,191117979;98468,2847709469
"Mahaena";"Tahiti";"60 ans +";"Homme";"Marie";"Propriétaire du sol et du logement";0,458823529411765;60;150;162855,191117979;15554,796188561
"Mahina";"Tahiti";"0 - 13 ans";"Femme";"Non concerne";"Propriétaire du sol et du logement";0,493013365735115;0;13;162855,191117979;98468,2847709469
"Mahina";"Tahiti";"0 - 13 ans";"Homme";"Non concerne";"Propriétaire du sol et du logement";0,506986634264885;0;13;162855,191117979;98468,2847709469
"Mahina";"Tahiti";"14 - 19 ans";"Femme";"Celibataire";"Propriétaire du sol et du logement";0,492546986390149;14;19;162855,191117979;98468,2847709469
"Mahina";"Tahiti";"14 - 19 ans";"Homme";"Celibataire";"Propriétaire du sol et du logement";0,507453013609851;14;19;162855,191117979;98468,2847709469
"Mahina";"Tahiti";"20 - 29 ans";"Femme";"Celibataire";"Propriétaire du sol et du logement";0,508035714285714;20;29;603697,897438268;98468,2847709469
"Mahina";"Tahiti";"20 - 29 ans";"Homme";"Celibataire";"Propriétaire du sol et du logement";0,491964285714286;20;29;313816,336975144;229106,322414045
"Mahina";"Tahiti";"30 - 39 ans";"Femme";"Celibataire";"Propriétaire du sol et du logement";0,515095215977706;30;39;186664,186159274;162071,094257381
"Mahina";"Tahiti";"30 - 39 ans";"Homme";"Celibataire";"Propriétaire du sol et du logement";0,484904784022294;30;39;142501,277307273;125987,218517845
"Mahina";"Tahiti";"40 - 49 ans";"Femme";"Marie";"Propriétaire du sol et du logement";0,486744893524555;40;49;244127,655308092;178229,055396917
"Mahina";"Tahiti";"40 - 49 ans";"Homme";"Celibataire";"Propriétaire du sol et du logement";0,513255106475445;40;49;46103,4014434865;77392,2683037521
"Mahina";"Tahiti";"50 - 59 ans";"Femme";"Marie";"Propriétaire du sol et du logement";0,489548213081591;50;59;157831,358954545;80236,9081912527
"Mahina";"Tahiti";"50 - 59 ans";"Homme";"Marie";"Propriétaire du sol et du logement";0,510451786918409;50;59;79160,1884576756;72766,8303471503
"Mahina";"Tahiti";"60 ans +";"Femme";"Marie";"Propriétaire du sol et du logement";0,518847006651885;60;150;80478,7146825179;72005,3889571673
"Mahina";"Tahiti";"60 ans +";"Homme";"Marie";"Propriétaire du sol et du logement";0,481152993348115;60;150;87604,6302093511;60314,9411421925
"Mahina";"Tahiti";;"Femme";"Veuf,veuve";"Propriétaire du sol et du logement";1;;150;162855,191117979;98468,2847709469
"Mataiea";"Tahiti";"0 - 13 ans";"Femme";"Non concerne";"Propriétaire du sol et du logement";0,467350746268657;0;13;162855,191117979;98468,2847709469
"Mataiea";"Tahiti";"0 - 13 ans";"Homme";"Non concerne";"Propriétaire du sol et du logement";0,532649253731343;0;13;162855,191117979;98468,2847709469
"Mataiea";"Tahiti";"14 - 19 ans";"Femme";"Celibataire";"Propriétaire du sol et du logement";0,512727272727273;14;19;162855,191117979;194096,022234557
"Mataiea";"Tahiti";"14 - 19 ans";"Homme";"Celibataire";"Propriétaire du sol et du logement";0,487272727272727;14;19;162855,191117979;98468,2847709469
"Mataiea";"Tahiti";"20 - 29 ans";"Femme";"Celibataire";"Propriétaire du sol et du logement";0,48689138576779;20;29;162855,191117979;162073,518732775
"Mataiea";"Tahiti";"20 - 29 ans";"Homme";"Celibataire";"Propriétaire du sol et du logement";0,51310861423221;20;29;181903,936727815;260749,557366874
"Mataiea";"Tahiti";"30 - 39 ans";"Femme";"Celibataire";"Propriétaire du sol et du logement";0,5;30;39;112435,122056949;88854,8410266056
"Mataiea";"Tahiti";"30 - 39 ans";"Homme";"Celibataire";"Propriétaire du sol et du logement";0,5;30;39;107216,35703793;98060,1524196877
"Mataiea";"Tahiti";"40 - 49 ans";"Femme";"Marie";"Propriétaire du sol et du logement";0,508620689655172;40;49;43183,9421896521;60091,2272352572
"Mataiea";"Tahiti";"40 - 49 ans";"Homme";"Celibataire";"Propriétaire du sol et du logement";0,491379310344828;40;49;51128,1420469494;146176,451313734
"Mataiea";"Tahiti";"50 - 59 ans";"Femme";"Marie";"Propriétaire du sol et du logement";0,464503042596349;50;59;162855,191117979;210042,616291526
"Mataiea";"Tahiti";"50 - 59 ans";"Homme";"Marie";"Propriétaire du sol et du logement";0,535496957403651;50;59;31272,1212198733;39762,9619546879
"Mataiea";"Tahiti";"60 ans +";"Femme";"Marie";"Propriétaire du sol et du logement";0,488738738738739;60;150;92924,8087578129;80421,9866765672
"Mataiea";"Tahiti";"60 ans +";"Homme";"Marie";"Propriétaire du sol et du logement";0,511261261261261;60;150;55216,0174030623;55612,7964438909
"Paea";"Tahiti";"0 - 13 ans";"Femme";"Non concerne";"Propriétaire du sol et du logement";0,476570635196112;0;13;162855,191117979;98468,2847709469
"Paea";"Tahiti";"0 - 13 ans";"Homme";"Non concerne";"Propriétaire du sol et du logement";0,523429364803888;0;13;162855,191117979;98468,2847709469
"Paea";"Tahiti";"14 - 19 ans";"Femme";"Celibataire";"Propriétaire du sol et du logement";0,496747967479675;14;19;162855,191117979;98468,2847709469
"Paea";"Tahiti";"14 - 19 ans";"Homme";"Celibataire";"Propriétaire du sol et du logement";0,503252032520325;14;19;162855,191117979;98468,2847709469
"Paea";"Tahiti";"20 - 29 ans";"Femme";"Celibataire";"Propriétaire du sol et du logement";0,507259528130672;20;29;307863,648952526;108640,896200934
"Paea";"Tahiti";"20 - 29 ans";"Homme";"Celibataire";"Propriétaire du sol et du logement";0,492740471869329;20;29;259852,632370051;98468,2847709469
"Paea";"Tahiti";"30 - 39 ans";"Femme";"Celibataire";"Propriétaire du sol et du logement";0,49445324881141;30;39;165576,267094642;94877,3462551104
"Paea";"Tahiti";"30 - 39 ans";"Homme";"Celibataire";"Propriétaire du sol et du logement";0,505546751188589;30;39;95476,5539611084;105583,91819093
"Paea";"Tahiti";"40 - 49 ans";"Femme";"Marie";"Propriétaire du sol et du logement";0,490597345132743;40;49;349795,281580814;169311,585365081
"Paea";"Tahiti";"40 - 49 ans";"Homme";"Celibataire";"Propriétaire du sol et du logement";0,509402654867257;40;49;46842,9896380156;39230,7691777402
"Paea";"Tahiti";"50 - 59 ans";"Femme";"Marie";"Propriétaire du sol et du logement";0,470633693972179;50;59;75942,7238369859;46372,6701668268
"Paea";"Tahiti";"50 - 59 ans";"Homme";"Marie";"Propriétaire du sol et du logement";0,529366306027821;50;59;52081,5404193166;45369,0717443729
"Paea";"Tahiti";"60 ans +";"Femme";"Marie";"Propriétaire du sol et du logement";0,511666666666667;60;150;276783,113845133;83201,6852669211
"Paea";"Tahiti";"60 ans +";"Homme";"Marie";"Propriétaire du sol et du logement";0,488333333333333;60;150;114474,862428229;64998,3568778457
"Paea";"Tahiti";;"Femme";"Veuf,veuve";"Propriétaire du sol et du logement";1;;150;162855,191117979;98468,2847709469
"Papara";"Tahiti";"0 - 13 ans";"Femme";"Non concerne";"Propriétaire du sol et du logement";0,487965838509317;0;13;162855,191117979;98468,2847709469
"Papara";"Tahiti";"0 - 13 ans";"Homme";"Non concerne";"Propriétaire du sol et du logement";0,512034161490683;0;13;162855,191117979;98468,2847709469
"Papara";"Tahiti";"14 - 19 ans";"Femme";"Celibataire";"Propriétaire du sol et du logement";0,498384491114701;14;19;162855,191117979;98468,2847709469
"Papara";"Tahiti";"14 - 19 ans";"Homme";"Celibataire";"Propriétaire du sol et du logement";0,501615508885299;14;19;162855,191117979;98468,2847709469
"Papara";"Tahiti";"20 - 29 ans";"Femme";"Celibataire";"Propriétaire du sol et du logement";0,489583333333333;20;29;771165,334416226;84502,1233749022
"Papara";"Tahiti";"20 - 29 ans";"Homme";"Celibataire";"Propriétaire du sol et du logement";0,510416666666667;20;29;271076,373229114;365310,200216299
"Papara";"Tahiti";"30 - 39 ans";"Femme";"Celibataire";"Propriétaire du sol et du logement";0,508599508599509;30;39;844865,448571913;110190,334133865
"Papara";"Tahiti";"30 - 39 ans";"Homme";"Celibataire";"Propriétaire du sol et du logement";0,491400491400491;30;39;93709,7278844558;113680,428695397
"Papara";"Tahiti";"40 - 49 ans";"Femme";"Marie";"Propriétaire du sol et du logement";0,48944099378882;40;49;174513,366927459;78064,4689554287
"Papara";"Tahiti";"40 - 49 ans";"Homme";"Celibataire";"Propriétaire du sol et du logement";0,51055900621118;40;49;94108,2451238254;40849,1116910721
"Papara";"Tahiti";"50 - 59 ans";"Femme";"Marie";"Propriétaire du sol et du logement";0,463594470046083;50;59;141252,586961085;40155,5555695874
"Papara";"Tahiti";"50 - 59 ans";"Homme";"Marie";"Propriétaire du sol et du logement";0,536405529953917;50;59;61079,1407186959;34068,8277402035
"Papara";"Tahiti";"60 ans +";"Femme";"Marie";"Propriétaire du sol et du logement";0,489715964740451;60;150;390746,565890113;156749,088077749
"Papara";"Tahiti";"60 ans +";"Homme";"Marie";"Propriétaire du sol et du logement";0,510284035259549;60;150;83852,9752191924;104931,815124442
"Papara";"Tahiti";;"Femme";"Veuf,veuve";"Propriétaire du sol et du logement";1;;150;162855,191117979;98468,2847709469
"Papeari";"Tahiti";"0 - 13 ans";"Femme";"Non concerne";"Propriétaire du sol et du logement";0,476311336717428;0;13;162855,191117979;98468,2847709469
"Papeari";"Tahiti";"0 - 13 ans";"Homme";"Non concerne";"Propriétaire du sol et du logement";0,523688663282572;0;13;162855,191117979;98468,2847709469
"Papeari";"Tahiti";"14 - 19 ans";"Femme";"Celibataire";"Propriétaire du sol et du logement";0,478011472275335;14;19;162855,191117979;98468,2847709469
"Papeari";"Tahiti";"14 - 19 ans";"Homme";"Celibataire";"Propriétaire du sol et du logement";0,521988527724665;14;19;162855,191117979;98468,2847709469
"Papeari";"Tahiti";"20 - 29 ans";"Femme";"Celibataire";"Propriétaire du sol et du logement";0,496031746031746;20;29;162855,191117979;109311,597592527
"Papeari";"Tahiti";"20 - 29 ans";"Homme";"Celibataire";"Propriétaire du sol et du logement";0,503968253968254;20;29;162855,191117979;98468,2847709469
"Papeari";"Tahiti";"30 - 39 ans";"Femme";"Celibataire";"Propriétaire du sol et du logement";0,479228486646884;30;39;162855,191117979;98468,2847709469
"Papeari";"Tahiti";"30 - 39 ans";"Homme";"Celibataire";"Propriétaire du sol et du logement";0,520771513353116;30;39;75054,3296076506;145814,6983639
"Papeari";"Tahiti";"40 - 49 ans";"Femme";"Marie";"Propriétaire du sol et du logement";0,502881844380404;40;49;77782,4539163158;58729,9470463593
"Papeari";"Tahiti";"40 - 49 ans";"Homme";"Celibataire";"Propriétaire du sol et du logement";0,497118155619597;40;49;27167,7335273425;13838,9573569337
"Papeari";"Tahiti";"50 - 59 ans";"Femme";"Marie";"Propriétaire du sol et du logement";0,45766590389016;50;59;143573,167178212;95391,5040400207
"Papeari";"Tahiti";"50 - 59 ans";"Homme";"Marie";"Propriétaire du sol et du logement";0,54233409610984;50;59;102166,056990063;135760,379598278
"Papeari";"Tahiti";"60 ans +";"Femme";"Marie";"Propriétaire du sol et du logement";0,511278195488722;60;150;193052,025348708;56309,4850665243
"Papeari";"Tahiti";"60 ans +";"Homme";"Marie";"Propriétaire du sol et du logement";0,488721804511278;60;150;41755,5626284971;27192,5123393418
"Papeete";"Tahiti";"0 - 13 ans";"Femme";"Non concerne";"Propriétaire du sol et du logement";0,475102192493497;0;13;162855,191117979;98468,2847709469
"Papeete";"Tahiti";"0 - 13 ans";"Homme";"Non concerne";"Propriétaire du sol et du logement";0,524897807506503;0;13;162855,191117979;98468,2847709469
"Papeete";"Tahiti";"14 - 19 ans";"Femme";"Celibataire";"Propriétaire du sol et du logement";0,500184842883549;14;19;162855,191117979;98468,2847709469
"Papeete";"Tahiti";"14 - 19 ans";"Homme";"Celibataire";"Propriétaire du sol et du logement";0,499815157116451;14;19;162855,191117979;98468,2847709469
"Papeete";"Tahiti";"20 - 29 ans";"Femme";"Celibataire";"Propriétaire du sol et du logement";0,505556766179996;20;29;1081213,81527121;479495,657154188
"Papeete";"Tahiti";"20 - 29 ans";"Homme";"Celibataire";"Propriétaire du sol et du logement";0,494443233820004;20;29;141953,665639192;148971,22876734
"Papeete";"Tahiti";"30 - 39 ans";"Femme";"Celibataire";"Propriétaire du sol et du logement";0,485920757538002;30;39;482091,668277532;532043,12643136
"Papeete";"Tahiti";"30 - 39 ans";"Homme";"Celibataire";"Propriétaire du sol et du logement";0,514079242461999;30;39;66655,9716900927;43195,1147734166
"Papeete";"Tahiti";"40 - 49 ans";"Femme";"Marie";"Propriétaire du sol et du logement";0,496728462377317;40;49;346546,377826563;86055,3345960432
"Papeete";"Tahiti";"40 - 49 ans";"Homme";"Celibataire";"Propriétaire du sol et du logement";0,503271537622683;40;49;55877,0729173544;63397,368352402
"Papeete";"Tahiti";"50 - 59 ans";"Femme";"Marie";"Propriétaire du sol et du logement";0,502577319587629;50;59;149943,653127538;79029,5960790552
"Papeete";"Tahiti";"50 - 59 ans";"Homme";"Marie";"Propriétaire du sol et du logement";0,497422680412371;50;59;55412,166128164;27628,1394384956
"Papeete";"Tahiti";"60 ans +";"Femme";"Marie";"Propriétaire du sol et du logement";0,529608938547486;60;150;348531,021793791;92102,9743634983
"Papeete";"Tahiti";"60 ans +";"Homme";"Marie";"Propriétaire du sol et du logement";0,470391061452514;60;150;50816,8959359712;61568,6390835768
"Papeete";"Tahiti";;"Femme";"Veuf,veuve";"Propriétaire du sol et du logement";0,6;;150;162855,191117979;98468,2847709469
"Papeete";"Tahiti";;"Homme";"Veuf,veuve";"Propriétaire du sol et du logement";0,4;;150;162855,191117979;98468,2847709469
"Papenoo";"Tahiti";"0 - 13 ans";"Femme";"Non concerne";"Propriétaire du sol et du logement";0,474299065420561;0;13;162855,191117979;98468,2847709469
"Papenoo";"Tahiti";"0 - 13 ans";"Homme";"Non concerne";"Propriétaire du sol et du logement";0,525700934579439;0;13;162855,191117979;98468,2847709469
"Papenoo";"Tahiti";"14 - 19 ans";"Femme";"Celibataire";"Propriétaire du sol et du logement";0,485074626865672;14;19;162855,191117979;98468,2847709469
"Papenoo";"Tahiti";"14 - 19 ans";"Homme";"Celibataire";"Propriétaire du sol et du logement";0,514925373134328;14;19;162855,191117979;98468,2847709469
"Papenoo";"Tahiti";"20 - 29 ans";"Femme";"Celibataire";"Propriétaire du sol et du logement";0,47976011994003;20;29;162855,191117979;98468,2847709469
"Papenoo";"Tahiti";"20 - 29 ans";"Homme";"Celibataire";"Propriétaire du sol et du logement";0,52023988005997;20;29;172066,171096646;75370,8538828243
"Papenoo";"Tahiti";"30 - 39 ans";"Femme";"Celibataire";"Propriétaire du sol et du logement";0,500848896434635;30;39;162855,191117979;77645,5565390403
"Papenoo";"Tahiti";"30 - 39 ans";"Homme";"Celibataire";"Propriétaire du sol et du logement";0,499151103565365;30;39;63012,219907698;42504,2027203937
"Papenoo";"Tahiti";"40 - 49 ans";"Femme";"Marie";"Propriétaire du sol et du logement";0,468694096601073;40;49;95325,1698521784;152892,974869868
"Papenoo";"Tahiti";"40 - 49 ans";"Homme";"Celibataire";"Propriétaire du sol et du logement";0,531305903398927;40;49;33971,4485955135;22448,8687308664
"Papenoo";"Tahiti";"50 - 59 ans";"Femme";"Marie";"Propriétaire du sol et du logement";0,4975;50;59;88143,879369966;157492,255990613
"Papenoo";"Tahiti";"50 - 59 ans";"Homme";"Marie";"Propriétaire du sol et du logement";0,5025;50;59;82112,4305668611;144954,106115174
"Papenoo";"Tahiti";"60 ans +";"Femme";"Veuf,veuve";"Propriétaire du sol et du logement";0,467576791808874;60;150;183269,568983188;98468,2847709469
"Papenoo";"Tahiti";"60 ans +";"Homme";"Marie";"Propriétaire du sol et du logement";0,532423208191126;60;150;29071,6958840275;26649,5621364646
"Pirae";"Tahiti";"0 - 13 ans";"Femme";"Non concerne";"Propriétaire du sol et du logement";0,485148514851485;0;13;162855,191117979;98468,2847709469
"Pirae";"Tahiti";"0 - 13 ans";"Homme";"Non concerne";"Propriétaire du sol et du logement";0,514851485148515;0;13;162855,191117979;98468,2847709469
"Pirae";"Tahiti";"14 - 19 ans";"Femme";"Celibataire";"Propriétaire du sol et du logement";0,481592787377911;14;19;162855,191117979;98468,2847709469
"Pirae";"Tahiti";"14 - 19 ans";"Homme";"Celibataire";"Propriétaire du sol et du logement";0,518407212622089;14;19;162855,191117979;98468,2847709469
"Pirae";"Tahiti";"20 - 29 ans";"Femme";"Celibataire";"Propriétaire du sol et du logement";0,498122653316646;20;29;269818,418514107;231118,127466894
"Pirae";"Tahiti";"20 - 29 ans";"Homme";"Celibataire";"Propriétaire du sol et du logement";0,501877346683354;20;29;171588,107366661;109425,925396365
"Pirae";"Tahiti";"30 - 39 ans";"Femme";"Celibataire";"Propriétaire du sol et du logement";0,496066635816751;30;39;132757,183045505;221545,842082222
"Pirae";"Tahiti";"30 - 39 ans";"Homme";"Celibataire";"Propriétaire du sol et du logement";0,503933364183249;30;39;568980,744312885;77246,3091406226
"Pirae";"Tahiti";"40 - 49 ans";"Femme";"Marie";"Propriétaire du sol et du logement";0,47753659767794;40;49;156534,004160041;74955,6016121381
"Pirae";"Tahiti";"40 - 49 ans";"Homme";"Celibataire";"Propriétaire du sol et du logement";0,52246340232206;40;49;56388,3858755323;32809,4003096864
"Pirae";"Tahiti";"50 - 59 ans";"Femme";"Marie";"Propriétaire du sol et du logement";0,492063492063492;50;59;530627,227474018;234040,713803096
"Pirae";"Tahiti";"50 - 59 ans";"Homme";"Marie";"Propriétaire du sol et du logement";0,507936507936508;50;59;60331,4165145007;25560,7043852267
"Pirae";"Tahiti";"60 ans +";"Femme";"Marie";"Propriétaire du sol et du logement";0,530864197530864;60;150;186067,880032016;121939,251861569
"Pirae";"Tahiti";"60 ans +";"Homme";"Marie";"Propriétaire du sol et du logement";0,469135802469136;60;150;41914,6482352442;56310,5174050358
"Pirae";"Tahiti";;"Femme";"Veuf,veuve";"Propriétaire du sol et du logement";1;;150;162855,191117979;98468,2847709469
"Pueu";"Tahiti";"0 - 13 ans";"Femme";"Non concerne";"Propriétaire du sol et du logement";0,470103092783505;0;13;162855,191117979;98468,2847709469
"Pueu";"Tahiti";"0 - 13 ans";"Homme";"Non concerne";"Propriétaire du sol et du logement";0,529896907216495;0;13;162855,191117979;98468,2847709469
"Pueu";"Tahiti";"14 - 19 ans";"Femme";"Celibataire";"Propriétaire du sol et du logement";0,41897233201581;14;19;162855,191117979;98468,2847709469
"Pueu";"Tahiti";"14 - 19 ans";"Homme";"Celibataire";"Propriétaire du sol et du logement";0,58102766798419;14;19;162855,191117979;98468,2847709469
"Pueu";"Tahiti";"20 - 29 ans";"Femme";"Celibataire";"Propriétaire du sol et du logement";0,517241379310345;20;29;12177,846967182;28232,3822805185
"Pueu";"Tahiti";"20 - 29 ans";"Homme";"Celibataire";"Propriétaire du sol et du logement";0,482758620689655;20;29;162855,191117979;98468,2847709469
"Pueu";"Tahiti";"30 - 39 ans";"Femme";"Celibataire";"Propriétaire du sol et du logement";0,45819397993311;30;39;162855,191117979;98468,2847709469
"Pueu";"Tahiti";"30 - 39 ans";"Homme";"Celibataire";"Propriétaire du sol et du logement";0,54180602006689;30;39;162855,191117979;98468,2847709469
"Pueu";"Tahiti";"40 - 49 ans";"Femme";"Marie";"Propriétaire du sol et du logement";0,446564885496183;40;49;162855,191117979;98468,2847709469
"Pueu";"Tahiti";"40 - 49 ans";"Homme";"Marie";"Propriétaire du sol et du logement";0,553435114503817;40;49;162855,191117979;25518,0563792549
"Pueu";"Tahiti";"50 - 59 ans";"Femme";"Marie";"Propriétaire du sol et du logement";0,472906403940887;50;59;162855,191117979;98468,2847709469
"Pueu";"Tahiti";"50 - 59 ans";"Homme";"Marie";"Propriétaire du sol et du logement";0,527093596059113;50;59;162855,191117979;24507,8193827077
"Pueu";"Tahiti";"60 ans +";"Femme";"Marie";"Propriétaire du sol et du logement";0,554913294797688;60;150;12018,0536727695;26285,6829823942
"Pueu";"Tahiti";"60 ans +";"Homme";"Marie";"Propriétaire du sol et du logement";0,445086705202312;60;150;5903,67326544901;13586,8791356399
"Pueu";"Tahiti";;"Femme";"Veuf,veuve";"Propriétaire du sol et du logement";1;;150;162855,191117979;98468,2847709469
"Punaauia";"Tahiti";"0 - 13 ans";"Femme";"Non concerne";"Propriétaire du sol et du logement";0,484187005843933;0;13;162855,191117979;98468,2847709469
"Punaauia";"Tahiti";"0 - 13 ans";"Homme";"Non concerne";"Propriétaire du sol et du logement";0,515812994156067;0;13;162855,191117979;98468,2847709469
"Punaauia";"Tahiti";"14 - 19 ans";"Femme";"Celibataire";"Propriétaire du sol et du logement";0,506817296455006;14;19;162855,191117979;98468,2847709469
"Punaauia";"Tahiti";"14 - 19 ans";"Homme";"Celibataire";"Propriétaire du sol et du logement";0,493182703544994;14;19;1906834,61944586;343023,535586604
"Punaauia";"Tahiti";"20 - 29 ans";"Femme";"Celibataire";"Propriétaire du sol et du logement";0,522109988776655;20;29;299146,758395398;239757,087654514
"Punaauia";"Tahiti";"20 - 29 ans";"Homme";"Celibataire";"Propriétaire du sol et du logement";0,477890011223345;20;29;597174,533411467;755848,012181438
"Punaauia";"Tahiti";"30 - 39 ans";"Femme";"Celibataire";"Propriétaire du sol et du logement";0,508443210733287;30;39;119511,652866166;59585,1910270548
"Punaauia";"Tahiti";"30 - 39 ans";"Homme";"Celibataire";"Propriétaire du sol et du logement";0,491556789266713;30;39;82387,0569849209;50187,3813665961
"Punaauia";"Tahiti";"40 - 49 ans";"Femme";"Marie";"Propriétaire du sol et du logement";0,501043357291908;40;49;258728,738830677;100463,749135049
"Punaauia";"Tahiti";"40 - 49 ans";"Homme";"Celibataire";"Propriétaire du sol et du logement";0,498956642708092;40;49;88397,6372213271;59166,5488818736
"Punaauia";"Tahiti";"50 - 59 ans";"Femme";"Marie";"Propriétaire du sol et du logement";0,492009834050399;50;59;116879,89175322;92205,9100369175
"Punaauia";"Tahiti";"50 - 59 ans";"Homme";"Marie";"Propriétaire du sol et du logement";0,5079901659496;50;59;78373,0800385202;53006,1427403636
"Punaauia";"Tahiti";"60 ans +";"Femme";"Marie";"Propriétaire du sol et du logement";0,512456747404844;60;150;183063,141489894;108101,74296576
"Punaauia";"Tahiti";"60 ans +";"Homme";"Marie";"Propriétaire du sol et du logement";0,487543252595156;60;150;56180,9157718388;45565,7456427239
"Punaauia";"Tahiti";;"Femme";"Veuf,veuve";"Logé gratuitement (parents, amis, employeurs)";0,5;;150;162855,191117979;98468,2847709469
"Punaauia";"Tahiti";;"Homme";"Marie";"Propriétaire du sol et du logement";0,5;;150;162855,191117979;98468,2847709469
"Tautira";"Tahiti";"0 - 13 ans";"Femme";"Non concerne";"Propriétaire du sol et du logement";0,502732240437158;0;13;162855,191117979;98468,2847709469
"Tautira";"Tahiti";"0 - 13 ans";"Homme";"Non concerne";"Propriétaire du sol et du logement";0,497267759562842;0;13;162855,191117979;98468,2847709469
"Tautira";"Tahiti";"14 - 19 ans";"Femme";"Celibataire";"Propriétaire du sol et du logement";0,50597609561753;14;19;162855,191117979;98468,2847709469
"Tautira";"Tahiti";"14 - 19 ans";"Homme";"Celibataire";"Propriétaire du sol et du logement";0,49402390438247;14;19;162855,191117979;98468,2847709469
"Tautira";"Tahiti";"20 - 29 ans";"Femme";"Celibataire";"Propriétaire du sol et du logement";0,513452914798206;20;29;96192,4858396989;88378,795236786
"Tautira";"Tahiti";"20 - 29 ans";"Homme";"Celibataire";"Propriétaire du sol et du logement";0,486547085201794;20;29;81224,1704277954;98468,2847709469
"Tautira";"Tahiti";"30 - 39 ans";"Femme";"Celibataire";"Propriétaire du sol et du logement";0,523809523809524;30;39;162855,191117979;98468,2847709469
"Tautira";"Tahiti";"30 - 39 ans";"Homme";"Celibataire";"Propriétaire du sol et du logement";0,476190476190476;30;39;92204,5982797652;28738,3851437949
"Tautira";"Tahiti";"40 - 49 ans";"Femme";"Marie";"Propriétaire du sol et du logement";0,466666666666667;40;49;50869,3523090271;85767,344383983
"Tautira";"Tahiti";"40 - 49 ans";"Homme";"Marie";"Propriétaire du sol et du logement";0,533333333333333;40;49;82417,8270677118;39702,3604692311
"Tautira";"Tahiti";"50 - 59 ans";"Femme";"Marie";"Propriétaire du sol et du logement";0,458874458874459;50;59;45098,0978681197;41731,3485042609
"Tautira";"Tahiti";"50 - 59 ans";"Homme";"Marie";"Propriétaire du sol et du logement";0,541125541125541;50;59;89559,7531567685;98468,2847709469
"Tautira";"Tahiti";"60 ans +";"Femme";"Marie";"Propriétaire du sol et du logement";0,545816733067729;60;150;25095,8681143463;52993,4560293285
"Tautira";"Tahiti";"60 ans +";"Homme";"Marie";"Propriétaire du sol et du logement";0,454183266932271;60;150;103613,722565006;98468,2847709469
"Tautira";"Tahiti";;"Femme";"Veuf,veuve";"Propriétaire du sol et du logement";0,5;;150;162855,191117979;98468,2847709469
"Tautira";"Tahiti";;"Homme";"Veuf,veuve";"Propriétaire du sol et du logement";0,5;;150;162855,191117979;98468,2847709469
"Teahupoo";"Tahiti";"0 - 13 ans";"Femme";"Non concerne";"Propriétaire du sol et du logement";0,466417910447761;0;13;162855,191117979;98468,2847709469
"Teahupoo";"Tahiti";"0 - 13 ans";"Homme";"Non concerne";"Propriétaire du sol et du logement";0,533582089552239;0;13;162855,191117979;98468,2847709469
"Teahupoo";"Tahiti";"14 - 19 ans";"Femme";"Celibataire";"Propriétaire du sol et du logement";0,472222222222222;14;19;162855,191117979;98468,2847709469
"Teahupoo";"Tahiti";"14 - 19 ans";"Homme";"Celibataire";"Propriétaire du sol et du logement";0,527777777777778;14;19;162855,191117979;98468,2847709469
"Teahupoo";"Tahiti";"20 - 29 ans";"Femme";"Celibataire";"Propriétaire du sol et du logement";0,5;20;29;162855,191117979;98468,2847709469
"Teahupoo";"Tahiti";"20 - 29 ans";"Homme";"Celibataire";"Propriétaire du sol et du logement";0,5;20;29;162855,191117979;98468,2847709469
"Teahupoo";"Tahiti";"30 - 39 ans";"Femme";"Celibataire";"Propriétaire du sol et du logement";0,515337423312883;30;39;162855,191117979;98468,2847709469
"Teahupoo";"Tahiti";"30 - 39 ans";"Homme";"Celibataire";"Propriétaire du sol et du logement";0,484662576687117;30;39;162855,191117979;98468,2847709469
"Teahupoo";"Tahiti";"40 - 49 ans";"Femme";"Marie";"Propriétaire du sol et du logement";0,454954954954955;40;49;57060,8740216265;34958,0850795881
"Teahupoo";"Tahiti";"40 - 49 ans";"Homme";"Celibataire";"Propriétaire du sol et du logement";0,545045045045045;40;49;63198,8029912444;38718,4593607644
"Teahupoo";"Tahiti";"50 - 59 ans";"Femme";"Marie";"Propriétaire du sol et du logement";0,453125;50;59;28556,901456745;37123,1836437615
"Teahupoo";"Tahiti";"50 - 59 ans";"Homme";"Marie";"Propriétaire du sol et du logement";0,546875;50;59;162855,191117979;48594,2601424091
"Teahupoo";"Tahiti";"60 ans +";"Femme";"Marie";"Propriétaire du sol et du logement";0,516778523489933;60;150;63450,6256467468;98468,2847709469
"Teahupoo";"Tahiti";"60 ans +";"Homme";"Marie";"Propriétaire du sol et du logement";0,483221476510067;60;150;52015,5050075493;31867,0626885679
"Teahupoo";"Tahiti";;"Femme";"Veuf,veuve";"Propriétaire du sol et du logement";1;;150;162855,191117979;98468,2847709469
"Tiarei";"Tahiti";"0 - 13 ans";"Femme";"Non concerne";"Propriétaire du sol et du logement";0,531013615733737;0;13;162855,191117979;98468,2847709469
"Tiarei";"Tahiti";"0 - 13 ans";"Homme";"Non concerne";"Propriétaire du sol et du logement";0,468986384266263;0;13;162855,191117979;98468,2847709469
"Tiarei";"Tahiti";"14 - 19 ans";"Femme";"Celibataire";"Propriétaire du sol et du logement";0,452599388379205;14;19;162855,191117979;98468,2847709469
"Tiarei";"Tahiti";"14 - 19 ans";"Homme";"Celibataire";"Propriétaire du sol et du logement";0,547400611620795;14;19;162855,191117979;98468,2847709469
"Tiarei";"Tahiti";"20 - 29 ans";"Femme";"Celibataire";"Propriétaire du sol et du logement";0,490835030549898;20;29;79347,3744926837;98468,2847709469
"Tiarei";"Tahiti";"20 - 29 ans";"Homme";"Celibataire";"Propriétaire du sol et du logement";0,509164969450102;20;29;162855,191117979;98468,2847709469
"Tiarei";"Tahiti";"30 - 39 ans";"Femme";"Celibataire";"Propriétaire du sol et du logement";0,482233502538071;30;39;162855,191117979;20858,190222646
"Tiarei";"Tahiti";"30 - 39 ans";"Homme";"Celibataire";"Propriétaire du sol et du logement";0,517766497461929;30;39;39085,8034728885;98468,2847709469
"Tiarei";"Tahiti";"40 - 49 ans";"Femme";"Marie";"Propriétaire du sol et du logement";0,490147783251232;40;49;86535,4517553527;98468,2847709469
"Tiarei";"Tahiti";"40 - 49 ans";"Homme";"Celibataire";"Propriétaire du sol et du logement";0,509852216748768;40;49;38848,9054580216;18249,9553728935
"Tiarei";"Tahiti";"50 - 59 ans";"Femme";"Marie";"Propriétaire du sol et du logement";0,464285714285714;50;59;92225,6246261725;98468,2847709469
"Tiarei";"Tahiti";"50 - 59 ans";"Homme";"Marie";"Propriétaire du sol et du logement";0,535714285714286;50;59;41315,4628820355;41048,2454807272
"Tiarei";"Tahiti";"60 ans +";"Femme";"Marie";"Propriétaire du sol et du logement";0,504587155963303;60;150;162855,191117979;39122,9429718142
"Tiarei";"Tahiti";"60 ans +";"Homme";"Marie";"Propriétaire du sol et du logement";0,495412844036697;60;150;39357,9806075303;98468,2847709469
"Tiarei";"Tahiti";;"Femme";"Veuf,veuve";"Propriétaire du sol et du logement";1;;150;162855,191117979;98468,2847709469
"Toahotu";"Tahiti";"0 - 13 ans";"Femme";"Non concerne";"Propriétaire du sol et du logement";0,473246135552913;0;13;162855,191117979;98468,2847709469
"Toahotu";"Tahiti";"0 - 13 ans";"Homme";"Non concerne";"Propriétaire du sol et du logement";0,526753864447087;0;13;162855,191117979;98468,2847709469
"Toahotu";"Tahiti";"14 - 19 ans";"Femme";"Celibataire";"Propriétaire du sol et du logement";0,498659517426273;14;19;162855,191117979;98468,2847709469
"Toahotu";"Tahiti";"14 - 19 ans";"Homme";"Celibataire";"Propriétaire du sol et du logement";0,501340482573727;14;19;162855,191117979;98468,2847709469
"Toahotu";"Tahiti";"20 - 29 ans";"Femme";"Celibataire";"Propriétaire du sol et du logement";0,489908256880734;20;29;162855,191117979;98468,2847709469
"Toahotu";"Tahiti";"20 - 29 ans";"Homme";"Celibataire";"Propriétaire du sol et du logement";0,510091743119266;20;29;363310,453470797;98468,2847709469
"Toahotu";"Tahiti";"30 - 39 ans";"Femme";"Celibataire";"Propriétaire du sol et du logement";0,497041420118343;30;39;103069,588903192;43015,4835698996
"Toahotu";"Tahiti";"30 - 39 ans";"Homme";"Celibataire";"Propriétaire du sol et du logement";0,502958579881657;30;39;129113,342552626;114434,038022131
"Toahotu";"Tahiti";"40 - 49 ans";"Femme";"Marie";"Propriétaire du sol et du logement";0,514629948364888;40;49;190597,33635436;42803,8176345922
"Toahotu";"Tahiti";"40 - 49 ans";"Homme";"Marie";"Propriétaire du sol et du logement";0,485370051635112;40;49;73344,9274735757;112019,997238066
"Toahotu";"Tahiti";"50 - 59 ans";"Femme";"Marie";"Propriétaire du sol et du logement";0,458974358974359;50;59;162855,191117979;115387,148032239
"Toahotu";"Tahiti";"50 - 59 ans";"Homme";"Marie";"Propriétaire du sol et du logement";0,541025641025641;50;59;77346,1180631889;31292,987714346
"Toahotu";"Tahiti";"60 ans +";"Femme";"Marie";"Propriétaire du sol et du logement";0,431746031746032;60;150;378019,64724373;98468,2847709469
"Toahotu";"Tahiti";"60 ans +";"Homme";"Marie";"Propriétaire du sol et du logement";0,568253968253968;60;150;46801,9983321937;24103,3623359808
"Toahotu";"Tahiti";;"Homme";"Celibataire";"Propriétaire du sol et du logement";1;;150;162855,191117979;98468,2847709469
"Vairao";"Tahiti";"0 - 13 ans";"Femme";"Non concerne";"Propriétaire du sol et du logement";0,485451761102603;0;13;162855,191117979;98468,2847709469
"Vairao";"Tahiti";"0 - 13 ans";"Homme";"Non concerne";"Propriétaire du sol et du logement";0,514548238897397;0;13;162855,191117979;98468,2847709469
"Vairao";"Tahiti";"14 - 19 ans";"Femme";"Celibataire";"Propriétaire du sol et du logement";0,472131147540984;14;19;162855,191117979;98468,2847709469
"Vairao";"Tahiti";"14 - 19 ans";"Homme";"Celibataire";"Propriétaire du sol et du logement";0,527868852459016;14;19;162855,191117979;98468,2847709469
"Vairao";"Tahiti";"20 - 29 ans";"Femme";"Celibataire";"Propriétaire du sol et du logement";0,526422764227642;20;29;162855,191117979;98468,2847709469
"Vairao";"Tahiti";"20 - 29 ans";"Homme";"Celibataire";"Propriétaire du sol et du logement";0,473577235772358;20;29;162855,191117979;98468,2847709469
"Vairao";"Tahiti";"30 - 39 ans";"Femme";"Celibataire";"Propriétaire du sol et du logement";0,477611940298507;30;39;23162,1650194445;48524,4213364088
"Vairao";"Tahiti";"30 - 39 ans";"Homme";"Celibataire";"Propriétaire du sol et du logement";0,522388059701492;30;39;162855,191117979;16506,8794329282
"Vairao";"Tahiti";"40 - 49 ans";"Femme";"Marie";"Propriétaire du sol et du logement";0,492647058823529;40;49;162855,191117979;15376,3424072997
"Vairao";"Tahiti";"40 - 49 ans";"Homme";"Marie";"Propriétaire du sol et du logement";0,507352941176471;40;49;15621,3739241108;11821,8959114492
"Vairao";"Tahiti";"50 - 59 ans";"Femme";"Marie";"Propriétaire du sol et du logement";0,440740740740741;50;59;162855,191117979;44738,5829777792
"Vairao";"Tahiti";"50 - 59 ans";"Homme";"Marie";"Propriétaire du sol et du logement";0,559259259259259;50;59;66583,0479187202;50092,2227437678
"Vairao";"Tahiti";"60 ans +";"Femme";"Marie";"Propriétaire du sol et du logement";0,486590038314176;60;150;162855,191117979;47022,0064547461
"Vairao";"Tahiti";"60 ans +";"Homme";"Marie";"Propriétaire du sol et du logement";0,513409961685824;60;150;162855,191117979;46638,2281822082
